{
    "K-1": [
        9,
        319,
        79,
        159,
        19,
        39,
        4
    ],
    "R_0^2 [nm^2]": [
        4.935564692052244,
        208.3930284702168,
        50.31536121075624,
        103.34043082138967,
        11.188187365272276,
        24.03614532551742,
        1.9456997666989058
    ]
}
